"query","search interest","increase percent"
"micro wedding venues",8,"850%"
"micro wedding venues near me",2,"550%"
"lake como wedding venues",1,"350%"
"zola",1,"300%"
"italy wedding venues",4,"250%"
"vrbo wedding venues",2,"170%"
"wedding venues with lodging",2,"170%"
"airbnb",11,"130%"
"airbnb wedding venues",10,"120%"
"local wedding venues",2,"70%"
"cabo wedding venues",1,"70%"
"all inclusive wedding venues near me",1,"70%"
"montana wedding venues",2,"70%"
"all inclusive wedding venues",12,"70%"
"small wedding venues near me",7,"60%"
"rhode island wedding venues",2,"60%"
"mexico wedding venues",4,"60%"
"hocking hills wedding venues",0,"60%"
"connecticut wedding venues",2,"50%"
"new jersey wedding venues",5,"50%"
"wedding venues connecticut",2,"50%"
"wedding venues new jersey",5,"40%"
"wedding venue",73,"40%"
"backyard wedding venues",2,"40%"
"wedding venues in tennessee",2,"40%"
"wedding venue near me",12,"30%"
"forest wedding venues",6,"30%"
"affordable wedding venues near me",3,"30%"
"north carolina wedding venues",4,"30%"
"wedding venues north carolina",4,"20%"
"best wedding venues",37,"20%"
"indoor wedding venues near me",1,"20%"
"event venues near me",3,"20%"
"tennessee wedding venues",4,"20%"
"wedding dress",8,"20%"
"small wedding venues",30,"20%"
"castle wedding venues",9,"20%"
"utah wedding venues",5,"20%"
"big sur wedding venues",1,"20%"
"santa barbara wedding venues",2,"20%"
"vermont wedding venues",2,"20%"
"venues near me",99,"20%"
"oahu wedding venues",1,"10%"
"mansion wedding venues",10,"10%"
"maine wedding venues",4,"10%"
"wedding venues florida",15,"10%"
"carmel wedding venues",1,"10%"
"farm wedding venues near me",3,"8%"
"wedding venues near me",100,"7%"
"affordable wedding venues",16,"4%"